干貝鮮蝦元寶	太白粉,荸薺,干貝,雞高湯,香菇,水餃,青蔥,柴魚,大蒜,醬油,草蝦	香油,鹽,胡椒
蒜味黃瓜皮	大黃瓜,紅辣椒,蒜仁	香油,醋,鹽,糖
上海菜飯	青江菜,白米,香菇,薑,香腸,水,辣椒,大蒜,香菇	香油,鹽,胡椒,醬油
馬鈴薯燉紅蘿蔔	紅蘿蔔,馬鈴薯,水,青花椰菜	醬油,米酒,香油,味霖
紅蔥塔香中卷	薑,辣椒,魷魚,九層塔	醬油膏,糖,水,蔥
黑豆滷豆輪	薑,八角,橄欖油,黑豆,辣椒,豆輪	米酒,冰糖,鹽,醬油
蒜苗炒臘肉	湖南臘肉,蒜苗,蒜,薄鹽醬油,辣椒
瓜仔肉	素絞肉,薑,橄欖油,花瓜,水	米酒,鹽,胡椒,醬汁,醬油
滷豆乾	豆干,滷汁
芥菜燴干貝	高湯,芥菜,干貝,太白粉,蒜,薑	雞粉,米酒,鹽,香油,糖
瓜仔肉	豬五花肉,蒜,花瓜	雞粉,鹽,米酒
鹹魚雞丁豆腐煲	豆腐,鴻喜菇,紅蘿蔔,雞胸,太白粉,鹹魚,薑,花豆,蒜苗	高湯,蠔油,米酒,香油,糖,醬油
鹹魚雞粒飯	水,白米,雞腿,水,蔥,花飛鹹魚	鹽,胡椒
栗香飯	黑芝麻,栗子,水,尖糯米	鹽,水
西湖翡翠羹	雞骨高湯,嫩豆腐,蛋,吻仔魚,大蒜,火腿,菠菜	太白粉,烏醋,香油,香菇,鹽,胡椒
蔥煎鱈魚排	玉米粉,鱈魚,黃椒,洋蔥	水,鹽,胡椒,蔥
紅燒牛肉	紅蘿蔔,月桂葉,白蘿蔔,薑,牛腩	米酒,醬油,鹽,水,糖
魚翅羹	魚皮,蝦米,高湯,大白菜,魚翅,太白粉,魚,豬肉,花菇,扁魚	雞粉,醬油,鹽,糖	米酒,醬油,糖
茭白肉丁	茭白筍,瘦肉,辣梅醬,小黃瓜
紅燒滷腿庫	薑,醬油膏,冰糖,五香粉,青蔥,香油,八角,腿庫,水,甘醇醬油
辣油拌豬耳朵	豬耳朵,辣椒,蒜,蒜苗	細砂糖,烏醋,油,胡椒,鹽,白醋
髮菜羹	太白粉,高湯,筍,蟹肉,香菇,木耳,香菜,豬肉,紅蘿蔔,金針菇,大白菜	烏醋,胡椒,鹽,香油,雞粉,糖,醬油	米酒,醬油,糖
四季松子飯	白米,松子,四季豆,橄欖油,水,辣椒,蒜	鹽
紅燒魚	魚,薑,蔥,紅辣椒,蒜	米酒,醬油膏,鹽,醬油,糖
木須炒餅煲	辣椒,竹筍,韭黃,洋蔥,紅蘿蔔,白菜,油,黑木耳,里肌肉,雞蛋	香油,蠔油,鹽,胡椒,糖
薑絲炒大腸	薑,辣椒,豬大腸,大蒜	黃豆,白砂糖,香油,醋,鹽,胡椒
彩椒魚片 	紅椒,薑,蔥,魚,黃椒	太白粉,高湯,蔥,太白粉,米酒,鹽,蛋白
蒜苗魚翅頭	蒜苗,大蒜,辣椒,魚翅	黃豆,太白粉,雞粉,水,鹽,胡椒
蕃茄魚片	青蔥,大蒜,鯛魚,麵粉,大蕃茄	蕃茄醬,白砂糖,香油,水,鹽,胡椒
綠花椰菜心雞湯	雞肉,水,薑,菜心	米酒,鹽,胡椒,雞粉
香煎素鵝	腐皮,豆芽,橄欖油,香菇,麵糊	鹽,胡椒,香菇,糖
芹菜炒金針菇	青蔥,大蒜,芹菜,金針,辣椒	香油,雞粉,辣豆瓣醬,胡椒
紅燒素丸子	荸薺,板豆腐,太白粉,青江菜,薑,太白粉,山藥,水,辣椒	醬油膏,鹽,糖,香油,香菇,胡椒,醬油,醬油
滷翅小腿	蒜味滷汁,翅小腿
客家腐乳肉醬	薑,香菇,梅花肉,青蔥,辣椒,大蒜	米酒,香油,雞粉,水,豆腐,糖,醬油
三杯魚塊	薑,草魚,紅辣椒,九層塔,蒜仁	米酒,麻油,水
滷杏鮑菇	薑,滷汁,大蒜,杏鮑菇,洋蔥
海鮮魚翅羹	海鮮高湯,雞骨高湯,嫩豆腐,大白菜,魚翅,黑木耳,大蒜	太白粉,香油,雞粉,糖,鹽,胡椒,醬油
排骨酥	蛋黃,蒜,排骨,胡椒鹽,地瓜	五香粉,米酒,糖,胡椒,鹽,醬油
什錦髮菜羹	黑木耳,竹筍,秀珍菇,紅蘿蔔,火腿,花菇,太白粉,山藥,水,金針,髮菜,豆薯	烏醋,香油,糖,香菇,鹽,胡椒,醬油
蒜苗炒雪螺	蒜苗,大蒜,雪螺,辣椒	香油,黃豆,鹽,胡椒
蠔油醬	糖,蠔油,水,香菜,薑,蔥,胡椒
麻油肉絲炒茴香	黑麻油,薑,茴香,米酒,水,沙拉油	雞粉,鹽
草蝦鮮菇冬粉煲	蝦米,鴻喜菇,芹菜,香菇,冬粉,毛豆,薑,蔥,蒜,草蝦	蠔油,米酒,香油,水,糖,魚露
蔥香滷百味	海帶,豬皮,豆干,白蘿蔔,薑,青蔥,雞翅	香油,水,糖,醬油,蔥
蒜泥蚵仔	地瓜,蚵仔,九層塔,香油,蒜,水,糖,醬油
辣醬滷牛筋	肉桂,草果,八角,薑,牛筋,蒜	米酒,細砂糖,沙拉油,水,辣椒
菩提滷汁	薑,細砂糖,大蕃茄,雞粉,蠔油,香油,八角,水
蔥燒醬	青蔥,大蒜,豬,洋蔥	醬油膏,蕃茄醬,太白粉,香油,水,糖,鹽,胡椒
紅蔥魚香茄子	青蔥,大蒜,豬,茄子,辣椒	太白粉,蔥,香油,水,糖,鹽,胡椒
川味麻辣醬	辣椒,牛肉,大蒜,青蔥	五香粉,米酒,花椒,香油,油,鹽,胡椒,醬油
白玉南瓜鑲福袋  	蒜苗,豬,香菇,紅辣椒,玉米筍,大蒜,高麗菜,南瓜	鹽,水,雞粉,太白粉,香油,胡椒,雞高湯,水
南瓜煮	薑,南瓜,橄欖油,水	鹽,胡椒,糖
滷豆皮	豆皮,滷汁
糖醋魚片	紅椒,鯛魚,洋蔥,地瓜,太白粉,青椒	太白粉,蕃茄醬,蛋液,細砂糖,水,鹽,白醋	蔥,米酒,鹽,薑
蒜苗滷大腸	香油,細砂糖,薑,蒜苗,豬大腸,米酒,醬油膏,青蔥,大蒜,八角
銀杏百合蝦球	蝦子,銀杏,蒜,薑	米酒,鹽,高湯,雞粉
韭菜干絲	韭菜,大蒜,干絲,辣椒	香油,鹽,胡椒
不沾鍋的荷包蛋	蛋
絲瓜炒蛤蜊	薑,絲瓜,大蒜,蛤蠣	香油,雞粉,鹽
雪裡紅肉醬	薑,辣椒,雪裡紅,大蒜,豬	黃豆,香油,糖,鹽,胡椒,白醋,醬油
辣味雞胗	水,蒜,紅辣椒,雞胗	糖,鹽,辣椒,醬油
鍋巴明蝦煲	竹筍,薑,紅蘿蔔,白蘿蔔,太白粉,木耳,鍋巴,蔥,明蝦	蕃茄醬,米酒,香油,水,糖,鹽,胡椒
酸菜炒五花肉	蒜,五花肉,酸菜,辣椒	細砂糖,烏醋,米酒,胡椒,鹽,醬油
滷黃金玉米	玉米,菩提滷汁,青蔥
桂花蝦	薑,蝦子,蔘鬚,枸杞,桂花,蔥,陳皮	酒,米酒,鹽
紅蔥嫩煎鮮干貝	綠花椰菜,麵粉,黃椒,干貝,奶油	白酒,蔥
蔥味滷牛腱	薑,青蔥,牛腱	冰糖,陳皮,甘醇醬油,水
涼拌黃瓜	辣椒,醋,白糖,鹽,小黃瓜
基礎魚漿	九棍魚淨肉,中薑,蔥,水,鰻魚	香油,胡椒,太白粉,鹽,細砂糖
滷雞腳	滷汁,雞腳
栗子燒雞	栗子,雞腿,水,香菇,辣椒	香油,米酒,蠔油,冰糖,醬油
涼拌海哲皮	佛手瓜,蒜,辣椒	香油,細砂糖,鹽,白醋
紅蔥滷肉燥	紅蔥頭,豬,豆干,青蔥,辣椒,大蒜	香油,油,醬油膏,水,蔥
五柳魚	筍,太白粉,木耳,黃魚,麵粉,水,蔥,紅蘿蔔,洋蔥	番茄醬,白糖,烏醋,糖,鹽,醬油	蔥,米酒,鹽,薑
滷豬舌	豬舌,滷汁
何首烏雞湯	米酒,黃耆,雞肉,枸杞,水,何首烏,紅棗,當歸	鹽
黃豆薏仁燉豬腳	米酒,黃豆,薏仁,水,薑,豬腳	鹽,冰糖
雞骨高湯	洋蔥,薑,青蔥,芹菜,雞骨,大蒜	米酒,水,鹽,胡椒,雞粉
肉末炒箭筍	箭筍,辣椒,大蒜,豬	太白粉,辣豆瓣醬,香油,雞粉,鹽,胡椒
臘味蘿蔔糕	臘肉,澄粉,肝腸,白蘿蔔,水,米粉,紅蔥酥	雞粉,鹽,醬油
客家炒粄條	韭菜,粄條,豆芽,香菇,蝦米	醬油,蔥
香蒜肉醬	蒜苗,大蒜,三層肉,辣椒	香油,醬油,鹽,胡椒,蒜
蔥尾炒雞柳	蔥,雞胸,紅辣椒,蒜仁	米酒,醬油,鹽,糖	米酒,太白粉,醬油
生蚵豆腐羹	蝦米,嫩豆腐,小白菜,蛋,蔬菜,豬,大蒜,鮮蚵	黃豆,太白粉,米酒,太白粉,香油,鹽,胡椒
滷糖心蛋	雞蛋	肉桂,細砂糖,八角,水,鹽,醬油
核桃炒蝦仁	蒜,核桃,紅蘿蔔,蝦子,薑,甜豆	米酒,鹽,胡椒,雞粉	蔥,米酒,薑
豆乾炒海帶絲	海帶,青蔥,大蒜,豆干	香油,白砂糖,胡椒,蠔油
肉燥炒山蘇	辣椒,大蒜,豬,山蘇	水,鹽,胡椒,蔥
臘肉煲飯	臘肉,白米,青蔥,芹菜,辣椒,大蒜,水	鹽,米酒,香油,砂糖,胡椒,醬油膏
南瓜蔥燉牛肋	牛肋,洋蔥,南瓜,蒜	鹽,糖,水,鮮奶油,蔥
辣拌干絲	油,芹菜,白干絲
冬筍蹄筋湯	花菇,竹筍,蹄筋,火腿	米酒,鹽,雞粉
豆瓣鯉魚	蔥,薑,鯉魚,豬,蒜	太白粉,辣豆瓣醬,酒釀,水,醬油
肉燥培根馬鈴薯	培根,辣椒,大蒜,馬鈴薯,青蔥	水,鹽,胡椒,蔥
紅豆桂圓紫米粥	紫米,圓糯米,紅豆,水,桂圓	米酒,細砂糖
金瓜焉篤煲	清高湯,里肌肉,南瓜,蛤蠣,青蔥	香油,鹽,胡椒
乾拌麻醬	辣椒,大蒜,豬,香菜,豆干	米酒,芝麻,香油,鹽,胡椒,醬油
清蒸臭豆腐	筍,紅蘿蔔,香菇,臭豆腐,青豆,薑	辣豆瓣醬,鹽,胡椒,香菇,糖
雞肉凍	香菇,洋菜,水,土雞,雞皮,蔥,紅蘿蔔	米酒,鹽,冰糖,胡椒
花蟹米粉煲	蝦米,洋蔥,紅蘿蔔,香菇,米粉,小花蟹,蔥,芹菜	蠔油,米酒,水,豆腐,糖,茶
糖醋肉醬	薑,大蒜,竹筍,豬五花肉	蕃茄醬,米酒,水,糖,醬油膏,白醋
四季小卷煲	洋蔥,紅蘿蔔,四季豆,花豆,小卷,辣椒,大蒜,香菇	香油,水,糖,鹽,胡椒,醬油
冰鎮雞腳	月桂葉,雞腳,八角,紅辣椒,蔥,大蒜,水	米酒,醬油膏,胡椒,醬油,五香粉
紅蘿蔔豆輪	豆輪,薑,紅蘿蔔	醬油膏,鹽,水,糖,醬油
客家筍肉醬	辣椒,大蒜,豬,竹筍,福菜	醬油膏,太白粉,油,糖,鹽,胡椒
麻油雞	雞肉,黑麻油,薑	雞粉,米酒
醬爆蝦	紅辣椒,洋蔥,白蝦,蔥,蒜,蔥	米酒,辣豆瓣醬,醬油,糖
滷牛肚韭黃	薑,冰糖,韭黃,滷汁,米酒,香油,陳皮,牛肚,大蒜,甘醇醬油,水
黑椒牛肉	牛肉,洋蔥	黑胡椒,水,牛排醬,糖,鹽,醬油	水,酒,醬油,太白粉,糖
香椿燒蒟蒻捲	青江菜,蒟蒻,竹筍,香菇,紅蘿蔔	水,鹽,胡椒,牛
海帶鮮蝦豆腐煲	豆腐,蛤蠣,綠花椰菜,海帶,薑,草蝦	米酒,水,魚露,糖
和風藕燒雞翅 	紅蘿蔔,蓮藕,雞翅,香菇	糖,水,醬油,蔥
紅蔥烤牛小排	綠花椰菜,牛小排,黃椒	黑胡椒,米酒,蔥,蒜,糖,醬油膏
蔥香蔭豉蚵	豆腐,蒜,辣椒,豆豉,薑,蔥,鮮蚵	米酒,太白粉,醬油膏,蔥
海鮮肉醬	魚,青蔥,紅蘿蔔,蝦子,香菜,辣椒,大蒜	魚露,米酒,太白粉,香油,鹽,胡椒
香蔥蒜片牛肉粒	蒜,牛肉,紅椒	米酒,水,蔥
上海水煮魚	大白菜,清高湯,薑,青蔥,香菜,鯛魚,辣椒,大蒜,小黃瓜	米酒,油,花椒,鹽,胡椒
花枝羹	蔥,木耳,紅蘿蔔,沙拉筍,花枝,薑,紅辣椒,蒜	烏醋,蠔油,香油,雞粉,胡椒,鹽
仙草燉雞湯	薑,雞骨高湯,棒棒腿	米酒,枸杞,鹽,糖
蟹肉冬瓜羹	雞骨高湯,薑,青蔥,蟹,大蒜	香油,米酒,干貝,雞粉,鹽,胡椒
辣蹄筋	紅辣椒,蹄筋,水,薑,薑,蒜	雞粉,醬油,鹽,辣椒,糖
糖醋汁	烏醋,洋蔥,蕃茄醬,紅辣椒,蒜仁,糖,鹽,白醋,水
鹹冬瓜肉蒸魚醬	五花肉,薑,青蔥,辣椒,大蒜	黃豆,米酒,香油,水,糖,柴魚,醬油
筍香炸醬	竹筍,紅蘿蔔,豬五花肉,香菇,辣椒,大蒜	鹽,胡椒,水
滷豬耳朵	豬耳朵,滷汁
醬燒肥腸	辣椒,薑,蔥,蒜,肥腸	米酒,糖,高湯,蔥
梅干扣肉	梅干菜,五花肉,紅辣椒,薑,蒜,蔥	醬油,米酒,醬油,糖
布袋羊肉	桂皮,羊肉,薑,黃耆,麵粉,枸杞,陳皮,薑,當歸,豬肚,紅棗,豬肚,花生油	鹽
絲瓜蒸金針菇	絲瓜,薑,火腿,金針	香油,香菇,鹽,胡椒
玉米梗丸子湯	玉米,水,貢丸,香菜,芹菜	香油,雞粉,鹽,胡椒
酸菜白肉鍋	白菜,五花肉,嫩豆腐,青蔥	雞粉,細砂糖,鹽,清湯
XO醬炒麵	蔥,洋蔥,叉燒,豆芽,廣式油麵,韭黃,紅蘿蔔	薄鹽醬油
台式辣泡菜	高麗菜,紅辣椒,青辣椒	細砂糖,鹽,白醋
素肉羹	香菇,黑木耳,竹筍,豆薯,大白菜,太白粉,水,薑,紅蘿蔔	烏醋,香菇,香油,糖,鹽,胡椒	醬油,鹽,胡椒,地瓜,水
XO醬炒三鮮	蝦子,蘆筍,蒜,透抽,辣椒,蔥,魷魚	米酒,鹽,蠔油
香蔥鹹蛋米糕	鹹蛋,長糯米	醬油,蔥
牛蒡皮枸杞排骨湯	薑,枸杞,排骨,牛蒡,水	米酒,鹽,雞粉
芹菜雞片	辣椒,雞胸,芹菜,大蒜	鹽,醬油	香油,太白粉,鹽,胡椒,蛋白
薑炒酸菜麵腸	辣椒,薑,橄欖油,麵腸,酸菜	米酒,醬油,烏醋,鹽,糖
蓮子排骨飯	薑,大蒜,排骨,水,白米	胡椒,鹽,米酒,醬油膏,雞粉
糖醋天婦羅	小黃瓜,香菇,洋蔥,甜不辣	蕃茄醬,太白粉,水,白醋,糖
蘆筍炒牛柳	薑,辣椒,牛肉,蘆筍	香油,黑胡椒,鹽	香油,太白粉,水,蛋白,醬油
四神湯	薑,小腸,四神料	香油,雞骨高湯,鹽,米酒
酸辣脆皮蛋 	蛋,青椒,洋蔥,太白粉,水,辣椒,蒜	細砂糖,魚露,辣椒,白醋
滷米血	米血,滷汁
蔥香起司豬排卷	麵包粉,起士,豬里肌,雞蛋,麵粉,蔬菜	水,蒜,蔥
紹興醉蝦	當歸,川芎,枸杞,水,蝦子	酒,雞粉,鹽
梅子醬	香油,薑,糖
蔥油絲瓜	薑,絲瓜	太白粉,高湯,蔥
花生雞丁	辣椒,雞胸,花生,大蒜,青蔥	香油,雞粉,花椒,鹽,胡椒
蒜苗滷大腸	蒜苗,八角,豬大腸,薑,青蔥,大蒜	香油,米酒,細砂糖,醬油膏
三杯透抽	薑,透抽,紅辣椒,九層塔	米酒,麻油,水
筍絲滷爌肉	冰糖,福菜,青蔥,八角,桂竹筍,水,薑,三層肉,丁香,甘醇醬油
梅子醃大頭菜	梅子,辣椒,大頭菜	細砂糖,鹽,梅子
Xo花枝醬	花枝,薑,青蔥,芹菜,辣椒,大蒜	米酒,香油,鹽,胡椒,醬油
滷花椰菜	花椰菜,滷汁
蘆筍銀杏	辣椒,大蒜,蘆筍,銀杏	香油,鹽,胡椒
羊肉爐	羊骨高湯,白菜,金針,白蘿蔔,老薑,油豆腐,羊肉,茼蒿,米酒,水	冰糖,豆腐,麻油,海山醬,糖,鹽,醬油
香菜梗炒干絲	辣椒,香菜,蒜,豆乾	米酒,醬油,胡椒,鹽,糖	米酒,太白粉,醬油
味噌鮮魚醬	辣椒,大蒜,芹菜,香菜,鯛魚	黃豆,米酒,味噌,香油,糖,鹽,胡椒
香蔥燒肉丸 	太白粉,洋蔥,青椒,薑,黃椒	蔥,葡萄,蔥,高湯,醬油
辣拌茄子	辣椒,薑,茄子,蒜,蔥	醬油膏,烏醋,辣椒,細砂糖
台味燜苦瓜	辣椒,苦瓜,香菇,丁香魚	高湯,蔥
珍菇豬肉鍋	豬大骨,洋蔥,紅蘿蔔,茼蒿,蛋,豬肉,金針,白蘿蔔,青蔥,香菇	鹽,胡椒,水
滷肉醬	薑,紅蔥頭,大蒜,梅花肉	五香粉,八角,米酒,香油,雞粉,糖,丁香,醬油膏,醬油
菩提蔬食羹	竹筍,紅蘿蔔,香菜,蒟蒻,蔬菜高湯,火腿	太白粉,香油,鹽,胡椒,白芝麻
菠菜炒豬肝	薑,黑麻油,豬肝,菠菜	米酒,鹽,雞粉
滷白菜	豬皮,蝦米,大白菜,香菇,蒜仁,蔥	米酒,鹽,胡椒,水,糖
紹興醉蝦	枸杞,當歸,紅棗,川芎,草蝦	蔥,米酒,薑,水,糖,酒,鹽
竹笙鳳腿湯	薑,竹筍,雞骨高湯,翅小腿,香菇,竹笙	香油,香菇,鹽,胡椒,米酒
薑母鴨	老薑,鴨肉,黑麻油	米酒,水
鮮菇雜菜飯	青江菜,白米,紅蘿蔔,雞胸,芹菜,大蒜	鹽,胡椒
紅蔥香炒米苔目	豬,米苔目,豆芽,青蔥,芹菜,辣椒,大蒜	水,鹽,胡椒,蔥
時蔬炊飯	綠竹筍,白米,紅蘿蔔,金針,牛蒡,水,木耳,甜豆,香菇	鹽
鮮蔬乾拌麵	高麗菜,豆芽,青蔥,辣椒,大蒜,油麵	鹽,胡椒,茶,水
芋泥蒸大黃瓜	紅蘿蔔,沙拉筍,香菇,芋頭,香菜,芹菜,大黃瓜	醬油,鹽,胡椒,香菇,糖
酸菜白肉鍋沾醬	香油,海山醬,醬油,豆腐,糖
莧菜銀魚羹	海鮮高湯,黑木耳,莧菜,薑,銀魚,辣椒,大蒜	香油,太白粉,柴魚,鹽,胡椒
黃瓜炒香腸 	香腸,小黃瓜,大蒜,辣椒	香油,鹽,胡椒
蒜香龍珠	地瓜,辣椒,大蒜,龍珠,青蔥	香油,鹽,胡椒	米酒,鹽,胡椒
蔥味滷牛腱	牛腱,冰糖,滷汁,薑,青蔥,陳皮,甘醇醬油,水
福菜滷百頁豆腐	百頁豆腐,福菜,五花肉,蒜	米酒,醬油,水,糖
五香滷汁	細砂糖,五香粉,滷汁,香油,八角,水,辣椒,大蒜,甘醇醬油
鮮蝦擔仔麵	韭菜,油麵,豆芽,蝦子	水,高湯,蔥
薏仁豬腳湯	雞骨高湯,薏仁,薑,山藥,豬腳,蓮子	香油,米酒,鹽
鮮香牛肉煲	蔥,薑,芹菜,辣椒,牛肉,香菇	太白粉,太白粉,高湯,蔥,香油,水,沙拉油,蛋白,醬油
香菇梗肉丸子	香菇,洋蔥,蒜,蛋液	太白粉,香油,蛋液,糖,胡椒,鹽,醬油
香椿煎豆腐	板豆腐,梅花肉,青蔥,辣椒,大蒜,三色豆	麻油,低筋麵粉,鹽,牛,黑胡椒
黃瓜拌魷魚	紅蘿蔔,蒜,魷魚,小黃瓜,辣椒	香油,油,細砂糖,鹽,白醋
蒜苗炒毛肚	蒜苗,熟毛肚,辣椒,大蒜	香油,鹽,胡椒
鰹魚露蒸鱸魚	鱸魚,薑,青蔥	香油,米酒,細砂糖,鰹魚,水
花雕雞	紅蔥頭,大蒜,青椒,鴻喜菇,二節翅,老薑,土雞,香菜,雞心,芹菜	酒,蠔油,雞粉,水,糖,鹽
桂圓米糕	米酒,圓糯米,水,花生油,桂圓	黑糖,二砂糖
竹筍雞肉飯	雞腿,白米,水,辣椒,大蒜,芹菜	香油,砂糖,醬油膏
滷豬腳	辣椒,可樂,八角,豬腳,薑,蒜仁,蔥	胡椒,鹽,水,醬油
薑絲炒川七	黑麻油,薑,川七	米酒,鹽,雞粉
蕃茄咕咾肉	大蒜,辣椒,後腿肉,大蕃茄,洋蔥	蕃茄醬,白砂糖,鹽,胡椒,白醋	蛋液,太白粉,鹽,胡椒
豬肉醬蒸飯	豬肉,白米,筊白筍,水,辣椒,大蒜	香油,鹽,砂糖,胡椒
酸辣湯	豆腐,筍,黑木耳,高湯,豬血,蛋液,太白粉,紅蘿蔔,豬肉,蔥	細砂糖,烏醋,胡椒,香油,雞粉,白醋,鹽,辣椒	米酒,太白粉,醬油
冰滷小棒腿	小棒腿,滷汁,胡椒,蠔油,米酒,八角,水,薑,冰糖,鹽,醬油
黃瓜鑲肉	太白粉,大黃瓜,鳳梨,蔥,蒜	醬油,太白粉,米酒,雞粉,糖,鹽,醬油
素燉鰻魚	當歸,米酒,鰻魚,枸杞,水,紅棗,川芎	鹽,香菇
髮菜羹湯	竹筍,里肌肉,海鮮濃湯用高湯,髮菜,香菇	雞粉,太白粉,醋,柴魚,鹽,胡椒	香油,鹽,胡椒,大蒜,醬油
滷白蘿蔔	薑,青蔥,滷汁,洋蔥,白蘿蔔
九層塔煎蛋	黑麻油,雞蛋,九層塔	米酒,太白粉,鹽
塔香海瓜子煲	大白菜,九層塔,海瓜子,辣椒,蔥,大蒜	米酒,醬油膏,糖
人蔘燉雞湯	蔘鬚,薑,清湯,紅棗,棒棒腿	香油,米酒,鹽,雞粉
白果燴海鮮	高湯,蒜,白果,花枝,紅蘿蔔,太白粉,蝦子,魚,薑,青花椰菜,蔥,魷魚	細砂糖,烏醋,蠔油,雞粉,鹽,香油
辣味雞胗	蔥,薑,蒜,蔥,雞胗	香油,細砂糖,白醋,辣椒
蒜香豬肉飯	大蒜,豬,水,白米	味霖,醬油,米酒
五香焢肉	薑,八角,五花肉,水,大蒜,青蔥	米酒,醬油,冰糖,胡椒,五香粉
豆豉肉醬	青蔥,大蒜,豬,辣椒	花椒,香油,雞粉,糖,豆豉,辣椒,鹽,胡椒
砂鍋魚頭	蝦,蹄筋,大白菜,青蒜,金針菇,鵪鶉蛋,香菇,薑,魚,紅辣椒,紅蔥酥,扁魚,豆皮,鰱魚	烏醋,米酒,麻油,雞高湯,糖,茶,鹽,胡椒,醬油
蛤蜊煲嫩雞	蛤蠣,紅蘿蔔,雞胸,芥菜,薑,蔥	雞粉,米酒,鹽,高湯,糖
炸醬肉絲炒粄條	梅花肉,青蔥,粄條,芹菜,紅蘿蔔	鹽,胡椒,茶,水
滷筊白筍	滷汁,紅蘿蔔,筊白筍
香菇滷雞肉	蔥,香菇,雞肉,水	米酒,冰糖,鹽,醬油
鳳梨蝦球	鳳梨,巴西利,沙拉醬,檸檬,草蝦,糖	太白粉,鹽,蛋白
紅燒蹄筋	筍,蹄筋,木耳,紅蘿蔔,薑,蔥	蠔油,米酒,水,糖,鹽,醬油
酸辣蒸豆腐	辣椒,蒜,洋蔥,蔥,板豆腐
香酥酸辣魚	魚,黃甜椒,紅甜椒,蒜	甜辣醬,水,檸檬	蔥,米酒,鹽,薑
滷海帶	海帶,滷汁
蕃茄蛋肉醬	豬,大蕃茄,洋蔥,蛋,香菜,大蒜	香油,太白粉,黑胡椒,蕃茄醬,鹽
芥藍炒香腸	香腸,芥藍菜,蒜仁	米酒,鹽,雞粉
鯛魚羊肉煲	羊肉,鯛魚,玉米筍,辣椒,薑,蔥,馬鈴薯	米酒,香油,水,糖,鹽,醬油
芹菜炒魷魚	薑,蒜仁,魷魚,紅辣椒,芹菜	雞粉,米酒,鹽,胡椒,糖
珍珠丸子	太白粉,豬,蔥,孛薺,蝦子,圓糯米,薑,蒜	米酒,醬油,胡椒,鹽,糖
芋頭燒雞	芋頭,大蒜,雞腿	香油,雞粉,白砂糖,醬油膏,雞高湯
什錦蔬食圍爐鍋	筊白筍,高麗菜,鴻禧菇,青江菜,大蕃茄,玉米,紅蘿蔔,蟳味棒,白蘿蔔,大陸妹	鹽,米酒,香油,雞粉,胡椒,水
鮮魚粄條煲	豆腐,竹筍,洋蔥,魚,粄條,毛豆,薑,蔥,大蒜,中芹,辣椒	米酒,水,胡椒,魚露,糖
滷蔥味層肉	薑,醬油膏,洋蔥,八角,蒜,香油,青蔥,細砂糖,水,三層肉,甘醇醬油
滷毛豆	毛豆,五香滷汁
滷四季豆	薑,四季豆,五香滷汁
竹筍香菇蒟蒻	竹筍,蒟蒻,香菇,薑,水	米酒,冰糖,鹽
香濃美味的玉米濃湯	洋蔥,玉米,鮮奶油,麵粉,玉米醬,奶油
麻油炒紅鳳菜	薑,黑麻油,紅鳳菜	米酒,鹽,雞粉
花生皮蛋	蠔油,辣椒,蛋,花生,蔥
古早肉醬	紅蔥頭,辣椒,大蒜,豬頸肉	米酒,香油,雞粉,油,水,糖,鹽,胡椒,醬油
三杯雞	薑,紅辣椒,九層塔,土雞	米酒,麻油,水
紅糟筊白筍	薑,豆皮,紅糟醬,橄欖油,筊白筍	米酒,水,糖
五穀雜糧枸杞飯	玉米,五穀米,枸杞,水,紅蘿蔔	鹽,黃豆,黑胡椒,香油,砂糖,醬油膏
紅麴高麗菜	蒜,高麗菜,薑,紅糟醬	雞粉,米酒
冰鎮滷汁	冰糖,洋蔥,青蔥,甘甜醬油,花椒,薑,小茴香,水,丁香,黑胡椒,老抽,八角
滷甜不辣	甜不辣,滷汁
電鍋發糕Diy	泡打粉,細砂糖,水,低筋麵粉
紅糟羊肉	黑麻油,羊肉,水,薑,菠菜,紅糟醬	米酒,細砂糖
黑豆滷五花肉	五花肉,八角,水,薑,黑豆,大蒜	米酒,冰糖,鹽,醬油
蘿蔔燉草菇	白果,白蘿蔔,薑,橄欖油,水,蓮子,草菇	米酒,鹽,冰糖,胡椒,鮮美露
茴香頭燉魚湯	薑,茴香,草魚,水	米酒,胡椒,鹽,雞粉
醃花椰菜心	花椰菜,紅辣椒,蒜	鹽,糖
香滷棒棒腿	薑,青蔥,紅辣椒,洋蔥,棒棒腿	冰糖,五香粉,甘草,甘甜醬油,香油,八角,水,丁香
咖哩肉醬	青蔥,大蒜,雞胸,洋蔥	黑胡椒,五香粉,咖哩,香油,水,奶油,鹽
避風塘蟹肉醬	薑,青蔥,大蒜,蟹,辣椒	辣椒,鹽,胡椒,辣椒,魚露
養生金瓜煲	黑棗,鴻喜菇,山藥,花豆,當歸,枸杞,南瓜	鹽,高湯,糖
麻辣滷汁	辣豆瓣醬,香醇醬油,洋蔥,青蔥,水,花椒,薑,沙薑,油,陳皮,丁香,辣椒,大蒜,八角,草果
滷花椰菜	青蔥,大蒜,花椰菜,紅蘿蔔,八角	薄鹽醬油,雞粉,細砂糖,水,奶油
燴什錦	香菇,筍,高湯,蔥,透抽,蹄筋,蝦子,魚,魚,魷魚,豌豆夾,瘦肉	太白粉,烏醋,鹽,太白粉,米酒,香油,雞粉,糖,胡椒
五味豬皮	蔥,豬皮,紅辣椒,花椒,薑,蔥,薑,蒜	烏醋,蕃茄醬,香油,糖,醬油膏,醬油
雪蛤排骨燉香梨	清高湯,香菇,薑,水梨,排骨	鹽,冰糖
咖啡布丁	蛋黃,鮮奶油,細砂糖,果凍粉,咖啡,水,咖啡酒
苦瓜炒牛肉片	山苦瓜,牛肉,鹹蛋,大蒜	鹽,水,糖
紅糟魚片	薑,鯛魚,地瓜,蒜苗	米酒,細砂糖,水,紅糟醬	薑,米酒,細砂糖,蛋液,紅糟醬
紅棗杜仲子排	子排,川芎,杜仲,黑棗,米酒,黃耆,枸杞,水,紅棗,當歸	鹽
黃耆糖醋排骨	青椒,地瓜,太白粉,洋蔥,紅甜椒,水,排骨	香油,白醋,細砂糖,鹽,蕃茄醬	細砂糖,黃耆,米酒,枸杞,紅棗,鹽,醬油
香芋排骨燉飯	高湯,白米,洋蔥,蒜苗,芋頭,排骨	鹽
三杯醬	辣豆瓣醬,糖,米酒,水,薑,甘草,沙拉油,胡椒,醬油
古早味滷白菜	蔥,紅蘿蔔,香菇,薑,大白菜	高湯,蔥
香椿滑蛋大陸妹	豬,薑,蛋,辣椒,大蒜,大陸妹	太白粉,水,糖,鹽,胡椒,牛
甜年糕	糯米粉,黑糖,水,二砂糖
香椿炒鮮菇	大蒜,青蔥,紅蘿蔔,香菇,辣椒	牛,鹽,胡椒,糖
蘿蔔排骨酥羹	黑木耳,清高湯,地瓜,白蘿蔔,香菜,排骨	太白粉,茶,醋,鹽,胡椒	太白粉,胡椒,醬油,五香粉
蟹黃豆腐	蛋黃,太白粉,嫩豆腐,高湯,紅蘿蔔,蒜,珍珠菇,青豆,蝦子,蔥	雞粉,鹽,糖
沙拉苦瓜	沙拉醬,綠苦瓜,水
酸豆肉醬	酸豇豆,辣椒,大蒜,豬	香油,糖,鹽,胡椒
蒜子燒黃魚	蔥,紅辣椒,黃魚,水,蒜仁	米酒,蠔油,醬油,糖
三色蛋	蛋,雞蛋,鴨
沙茶炒米血糕	米血糕,香菜,花生粉,紅辣椒	茶,鹽,水,醬油
山藥燉排骨	薑,山藥,排骨,雞骨高湯,紅蘿蔔	米酒,鹽
當歸鴨	鴨肉,當歸,米酒,枸杞,水,薑,淮山,紅棗,川芎	雞粉,鹽
麻油炒腰花	黑麻油,薑	米酒,鹽,雞粉
砂鍋魚頭	豆腐,魚頭,金針,大白菜,香菇,辣椒,蔥,寬粉條,大蒜	高湯,蠔油,米酒,香油,糖,胡椒,醬油
香滷棒棒腿	香油,冰糖,五香粉,洋蔥,甘草,薑,甘甜醬油,青蔥,水,丁香,八角,棒棒腿
新竹炒米粉	紅蘿蔔,豆芽,青蔥,米粉,三層肉,辣椒,大蒜	水,鹽,胡椒,蔥
蒜味滷汁	肉桂,洋蔥,小茴香,滷汁,甘甜醬油,八角,水,丁香,辣椒,大蒜
蘿蔔葉炒年糕	寧波年糕片,蒜,蘿蔔	雞粉,鹽,胡椒
青木瓜鳳爪湯	鳳爪,水,薑,青木瓜	米酒,鹽
滷筍絲	福菜,桂竹筍,五香滷汁
獅子頭	蔥,大白菜,荸薺,青蔥,蒜,薑	鹽,太白粉,醬油,米酒,香油,雞粉,水,糖,鹽,胡椒,醬油
榨菜肉醬	薑,青蔥,大蒜,梅花肉,白菜	香油,水,糖,鹽,胡椒,白醋
櫻花蝦米糕	櫻花蝦,芋頭,長糯米,油蔥酥,香菇,香菜,豬肉	米酒,雞粉,糖,胡椒,鹽,醬油
宮保蘿蔔皮	蔥,辣椒,花椒,白蘿蔔	雞粉,醬油,糖
辣油汁	花椒,辣椒,沙拉油,味精,鹽
客家小炒	豬五花肉,豆乾,蝦米,蒜,紅辣椒,蔥,薑,魷魚	米酒,醬油,鹽,胡椒,糖
清高湯	洋蔥,西芹,豬尾冬骨,白蘿蔔,大蒜,玉米	米酒,香油,雞粉,水,鹽,胡椒
糖醋里肌	里肌肉,洋蔥,青椒	太白粉,太白粉,醋,香油,蛋液,酒,鹽
韭菜花炒皮蛋	辣椒,蛋,韭菜,大蒜	香油,鹽,胡椒,黑豆
滷獅子頭	青蔥,馬蹄,大蒜,豬,大白菜	香油,太白粉,冰糖,五香粉,甘甜醬油,醬油膏,水,鹽,胡椒,蛋白
鳳梨炒木須	辣椒,黑木耳,薑,太白粉,鳳梨,橄欖油	鹽,白醋,糖
滷麻辣鴨血	鴨血,麻辣滷汁
滷香菇	青蔥,蘑菇,滷汁,香菇,洋蔥
辣梅醬	香油,紫蘇梅,糖,蒜,辣椒
湖南老虎醬	青蔥,大蒜,豬,辣椒	香油,雞粉,花生油,糖,酒,豆豉,鹽,胡椒,白醋
酸辣炒三絲	筍,黑木耳,黃豆芽,辣椒,紅蘿蔔,蒜	白醋,細砂糖,烏醋,雞粉,油,鹽
九層塔炒蛋	蛋,九層塔	香油,鹽,胡椒
四寶湯	金針菇,白蘿蔔,薑,豬肚,排骨,草菇	米酒,胡椒,鹽,雞粉
麻婆肉醬	青蔥,大蒜,豬,辣椒	米酒,太白粉,五香粉,水,糖,醬油膏,鹽,胡椒,醬油
高麗菜燉肉	高麗菜,辣椒,五花肉,蒜仁	米酒,醬油,水,糖
素蠔油麵筋	青豆,香菇,香油,筍,水,麵筋	鹽,胡椒,蠔油,糖
水晶肉凍	沙拉筍,胡椒,豬皮,洋菜,豬肉,水,薑,蒜仁,蔥	米酒,冰糖,蠔油,醬油
繽紛素飯	蔓越莓,白米,毛豆,葡萄,地瓜,水,蘋果	味霖,鹽
滷白菜	白菜,薑,扁魚,雞蛋	雞粉,鹽,糖
藥膳燉鰻魚	黨蔘,黃耆,薑,海苔,枸杞,豆包,麵糊,當歸,紅棗,川芎,腐皮,水	米酒,鹽
素蝦鬆	荸薺,沙拉筍,西芹,香菇,橄欖油,紅蘿蔔,松子,薑	香菇,鹽,胡椒,糖
蒜尾炒肉片	蒜,紅蘿蔔,豬肉,黑木耳,蒜	蠔油,鹽,糖	米酒,太白粉,醬油
紅蔥玉米蛋炒飯	玉米,洋蔥,蛋,青蔥,辣椒,白飯,大蒜,火腿	鹽,胡椒,蔥
福菜肉片湯	雞骨高湯,客家福菜,紅蘿蔔,五花肉,香菇,薑	香油,雞粉,鹽,胡椒
黃金油雞	辣椒,土雞,水,薑,蔥,沙拉油,蔥	米酒,鹽
滷土豆	滷汁,紅蘿蔔,花生,薑,青蔥,小黃瓜
紅燒羊骨湯	羊大骨,花椒,桂皮,草果,陳皮,薑,丁香,水	雞粉,辣豆瓣醬,冰糖,鹽,醬油
滷豬肝	米酒,豬肝,水,糖,醬油
蒜泥白肉	薑,青蔥,五花肉,大蒜	香油,醬油膏,糖
魚香肉醬	薑,辣椒,大蒜,豬,青蔥	蕃茄醬,米酒,香油,糖,鹽,胡椒
八寶肉醬	豬,紅蘿蔔,毛豆,竹筍,豆干,青蔥,辣椒,大蒜	五香粉,香油,糖,米酒,鹽,胡椒,醬油
三杯杏鮑菇	薑,辣椒,麻油,杏鮑菇,九層塔	米酒,醬油,蠔油,糖
塔香海瓜子	海瓜子,辣椒,大蒜,九層塔	香油,白砂糖,醬油膏,鹽
東坡肉	青江菜,青蔥,紅辣椒,三層肉,大蒜	香油,細砂糖,醬油膏,甘甜醬油,水
紫米麻油雞肉飯	薑,雞腿,香菇,紫米,水,大蒜	香油,鹽,麻油,胡椒,雞粉
泡菜紫米牛肉飯	牛肉,紫糯米,水,泡菜,香菜	香油,鹽,胡椒,米酒
蒟蒻炒彩椒	紅椒,蒟蒻,黃椒	鹽,醬油,七味粉,糖
蒜頭蒸雞	大蒜,雞腿	米酒,鹽,胡椒
台式滷肉	蔥,八角,大蒜,紅辣椒,五花肉	米酒,醬油膏,冰糖,醬油
魚片翡翠煲	紅椒,南瓜,青江菜,鯛魚,薑	米酒,水,糖,鹽,胡椒	胡椒,太白粉,醬油
花生滷豬尾	豬尾,八角,花生	米酒,醬油,鹽,水,糖
鮮蔬雜糧炊飯	五穀米,紅蘿蔔,玉米,蘆筍,芹菜,竹筍,蓮藕,水	味霖,鹽
宮保花枝煲	杏鮑菇,洋蔥,花枝,太白粉,小黃瓜,花生,辣椒,大蒜	香油,水,糖,醬油,醋
紅燒海參	青江菜,米酒,薑,辣椒,薑,海參,蔥	雞粉,米酒,蠔油,糖
酒釀蛋	土雞蛋,酒釀,水	冰糖
臘味煲仔飯	米,青江菜,水
紅蔥餛飩拌麵	紅蘿蔔,豆芽,青蔥,香菜,辣椒,餛飩,大蒜,油麵	水,鹽,胡椒,蔥
泡菜炒魷魚	魷魚,大蒜,泡菜,九層塔	香油,黑胡椒,白砂糖,鹽,雞粉
鮑菇炊飯	奶油,水,白米	醬油,米酒,醬油,味霖
肉末香茄醬	辣椒,大蒜,豬,茄子,九層塔	太白粉,油,水,醋,鹽,胡椒,醬油
香椿醬燒百頁	薑,百頁豆腐,香椿醬,水,辣椒	醬油膏,鹽,糖
肉燥家常豆腐	辣椒,蔥,蒜,蛋豆腐	高湯,蔥
麻辣耳絲	蒜苗,花椒,蔥,八角,薑,油,水,豬耳朵,鹽
五穀雜糧芋香飯	大蒜,五穀米,水,芋頭	香油,鹽,砂糖,黑胡椒
蠔油臘腸飯	蒜苗,青江菜,白米,香菜,水	香油,鹽,米酒,胡椒,蠔油
銀芽木耳炒肉片	黑木耳,豆芽,雞蛋,五花肉,韭菜,大蒜	醬油,鹽,糖
辣炒炸豆腐	板豆腐,紅蘿蔔,麵粉,辣椒,蔥,玉米筍	醬油,烏醋,高湯,雞粉,鹽,辣椒
蔥香肉絲桂竹筍	辣椒,桂竹筍,蒜	鹽,高湯,蔥
蔥油豬肉醬	紅蔥頭,薑,大蒜,豬五花肉,青蔥	米酒,油蔥酥,香油,雞粉,糖,鹽,胡椒,醬油
滷百頁豆腐	百頁豆腐,滷汁
長年菜雞湯	長年菜,蛤蠣,高湯,薑,紅蘿蔔	雞粉,冰糖,鹽
藥燉排骨	黨蔘,川芎,米酒,桂皮,黃耆,枸杞,水,丁香,紅棗,當歸,排骨	鹽
香椿牛肉滑蛋燴飯	蛋,豆芽,青蔥,芹菜,辣椒,白飯,大蒜,牛肉	太白粉,水,糖,鹽,胡椒,牛
五穀炊飯	五穀米,櫻花蝦,珊瑚草,香菇,水,小魚乾,白米,蒜	鹽
烤鹹豬肉	鹹豬肉,沾醬,大蒜,蒜苗,糖
雞爪凍	蔥,土雞,紅辣椒,薑,水	米酒,醬油
宮爆醬	青蔥,大蒜,雞胸,洋蔥,辣椒	花椒,米酒,香油,油,辣椒,鹽,胡椒
麻油米血	米酒,黑麻油,薑,高湯,米血	雞粉,鹽
五味素蚵仔	九層塔,芹菜,地瓜,香菜,辣椒,薑,草菇	烏醋,蕃茄醬,香油,糖,醬油膏,醬油	米酒,太白粉
針菇煲竹筍	竹筍,紅蘿蔔,芹菜,金針,冬粉,四季豆,香菇	高湯,蠔油,香油,糖,鹽,醬油
山藥排骨湯	山藥,紅棗,排骨	雞粉,鹽
滷蒜味脖子	蒜味滷汁,雞脖子
芋頭香菇雞	薑,洋蔥,紅椒,青花菜,芋頭,棒棒腿,大蒜,香菇	鹽,胡椒,水
鹽水滷鴨	鴨胸,滷汁
西芹螺肉濃湯	西芹,清高湯,青蔥,香菜,大蒜,馬鈴薯	奶油,鹽,胡椒
綠花椰炒甜不辣	綠花椰菜,大蒜,甜不辣	白砂糖,鹽,胡椒,水
肉末高麗菜 	辣椒,高麗菜,大蒜,豬	鹽,胡椒,茶
銀芽炒雞絲	雞,黃椒,蒜,豆芽,紅椒	香油,雞粉,鹽,胡椒
荔玉燉肉塊	荔枝,竹筍,紅蘿蔔,清高湯,五花肉,青蔥	香油,米酒,鹽,胡椒,醬油
和風紅蔥木耳炒鱈魚	鱈魚,太白粉,黑木耳,紅蘿蔔,薑,蔥	米酒,鹽,蔥
滷腐竹	腐竹,滷汁
滷鴨翅	蒜味滷汁,鴨翅
冬瓜皮蛤蜊湯	薑,蛤蠣,水	米酒,鹽,雞粉
豆酥肉末醬	青蔥,大蒜,豬,豆酥	香油,鹽,胡椒,醬油
牛蒡烏骨雞	烏骨雞肉,紅棗,牛蒡,水,薑	米酒,鹽
奶香雞粒炊飯	雞腿,紅蔥頭,水,蘑菇,香米,馬鈴薯,蘆筍	鮮奶,雞粉,薑,鹽,米酒
奶油焗白菜	水,乳酪,麵粉,奶油,火腿,蒜,捲心白菜	胡椒,鹽
栗子紅棗燉肉	梅花肉,紅棗,水,栗子	米酒,醬油,鹽,味霖
滷牛腱	蔥,牛腱,滷汁,薑
薑絲炒大腸	太白粉,辣椒,豬大腸,薑	雞粉,細砂糖,鹽,白醋,米酒
滷花生	豬板油,薑,八角,紅辣椒,花生,大蒜,青蔥,水	米酒,冰糖,醬油
蒜味炒芥藍	辣椒,大蒜,芥藍菜,紅蘿蔔	太白粉,蔥,香油,水,糖,鹽,胡椒
什錦素肉醬	木耳,金針,紅蘿蔔	蠔油,米酒,香油,糖,鹽,胡椒
香蔥肉燥烘蛋	荸薺,雞蛋,蔥,香菜	太白粉,鹽,高湯,蔥
冰鎮醉雞	雞腿,黃耆,枸杞,水,當歸,紅棗,川芎	冰糖,米酒,雞粉,米酒,酒,鹽,鹽
紅麴滷雞肉	紅椒,雞胸,黃椒,青蔥,蘑菇,大蒜	蠔油,米酒,砂糖,水,醬油
香煎豆包卷	太白粉,白芝麻,麵糊,黑木耳,香菇,沙拉筍,薑,紅蘿蔔,豆包	胡椒,鹽,糖
大白菜梗炒肉絲	蔥,黃椒,紅椒,蒜,大白菜	雞粉,鹽	米酒,醬油,太白粉,糖
青木瓜燉雞	青木瓜,薑,雞腿	米酒,鹽,水,雞粉
蒜苗辣炒干丁	蒜苗,蒜,黑豆干,辣椒	細砂糖,烏醋,米酒,鹽,醬油
鮑菇鮑彩椒	洋蔥,大白菜,紅椒,木耳,青花菜,黃椒,杏鮑菇,大蒜	醬油,鹽,高湯,糖
三杯杏鮑菇	薑,蒜,杏鮑菇,紅辣椒,九層塔	米酒,麻油,水
家鄉滷汁	薑,花椒,冰糖,草果,洋蔥,青蔥,米酒,茶,辣豆瓣醬,甘草,雞粉,八角,陳皮,丁香,大蒜,老抽,甘蔗,甘醇醬油,水
芹菜炒鴨腸	辣椒,鴨腸,芹菜,大蒜	辣豆瓣醬,白砂糖,香油,雞粉,鹽,胡椒
鮮果炊飯	巨峰葡萄,水,白米,蘋果	細砂糖,鹽
生炒花枝羹	海鮮高湯,洋蔥,花枝,九層塔,青蔥,辣椒,大蒜,蛋白	太白粉,茶,鹽,胡椒,白醋
花生滷豬腳	滷汁,甘甜醬油,青蔥,豬腳,薑,花生,水
地瓜雞肉燉飯	巴西利,白米,洋蔥,雞高湯,地瓜,西芹,雞腿	鹽
清燉羊肉	洋蔥,枸杞,水,當歸,老薑,羊肉	米酒,冰糖,鹽
白菜滷	蝦米,大白菜,木耳,紅蘿蔔,五香滷汁,香菇,青蔥
怪味辣醬	青蔥,大蒜,豬,辣椒	花椒,米酒,芝麻,雞粉,油,糖,醋,鹽,胡椒,芝麻,醬油
滷蒟蒻卷	花枝,菩提滷汁
素小炒	豆乾,蒟蒻,橄欖油,芹菜,辣椒,薑	醬油膏,鹽,胡椒,醬油,糖
蟹黃粉絲煲	大白菜,沙拉筍,紅蘿蔔,冬粉,香菇,香菜	鹽,胡椒,香菇,糖
紅燒獅子頭	太白粉,洋蔥,大白菜,孛薺,水,蔥,蒜	雞粉,冰糖,鹽,醬油	米酒,醬油,鹽,糖
菜脯蛋香飯	白米,雞蛋,水,菜脯,蔥,蒜	鹽,砂糖,胡椒
彩椒炒蝦仁	洋蔥,蝦子,紅椒,黃椒,青蔥,辣椒,大蒜	鹽,胡椒
滷雞胗	滷汁,雞胗
糖醋山藥	太白粉,青椒,紅椒,太白粉,山藥,鳳梨	蕃茄醬,鹽,水,白醋,糖
麥片魚丁飯	鯛魚,白米,麥片,薑,水,辣椒,大蒜	鹽,米酒,香油,胡椒,醬油膏,醬油
海帶滷油豆腐	胡椒,辣椒,海帶,油豆腐,水,薑	米酒,醬油膏,鹽,醬油,糖
蠔油炒高麗菜	辣椒,高麗菜,蠔油,大蒜
蘑菇肉燥鮮蝦	巴西利,洋蔥,小蕃茄,蝦子,蘑菇,蒜	太白粉,糖,高湯,蔥
甘蔗豬腳	大蒜,草果,桂皮,八角,蔥,豬腳,甘蔗	米酒,鹽,醬油	蔥,米酒,大蒜,醬油
栗子燉雞	雞肉,紅棗,水,薑,栗子	米酒,鹽,雞粉
黑豆燉豬尾	豬尾,米酒,水,薑,黑豆	雞粉,鹽
冬瓜滷豬肉	豬肉,紅辣椒,薑	米酒,鹽,冰糖,水,醬油
川味酸辣湯	黑木耳,嫩豆腐,豬血,金針,豬肉,竹筍	烏醋,雞粉,茶,胡椒,鹽	香油,雞骨高湯,太白粉,醬油
芋頭燉排骨	青蒜,排骨,香菇,芋頭	米酒,鹽,胡椒,水,雞粉
滷白菜卷	大白菜,豬,馬蹄,五香滷汁,香菜,干瓢,大蒜	香油,太白粉,鹽,胡椒,五香粉
薑絲蛤蜊飯	蛤蠣,白米,薑,水,奶油,紅米	鹽
洋蔥燒雞翅	蔥,雞翅,洋蔥	醬油,醬油,水,米酒
冬瓜滷肉	豬肉,辣椒,薑,水	米酒,醬油,蠔油,糖
鹽水滷汁	甘草,草果,胡椒,薑,青蔥,水,丁香,大蒜,鹽
鹹年糕	蝦米,豬肉,黑糖,香菇,糯米粉,水,紅蔥末,糖,白飯	鹽,醬油
菜脯蛋酥肉醬	客家菜脯,梅花肉,蛋,香菜,辣椒,大蒜	米酒,雞粉,糖,鹽,胡椒,醬油
味噌白蘿蔔	白蘿蔔,薑,蔥,味噌	米酒,糖,水,味噌
蔥爆五花肉	蔥,五花肉,紅辣椒	米酒,醬油,鹽,糖
腐皮筍香飯	腐皮,五穀米,綠竹筍,白米	蜂蜜,米酒,鹽
滷筍塊	滷汁,烏殼筍,洋蔥
醉雞	黃蓍,雞腿,枸杞,水,當歸,紅棗	酒,米酒,鹽,糖
紅燒雞肉飯	雞腿,白米,紅蘿蔔,薑,水,辣椒,大蒜,馬鈴薯	鹽,番茄醬,香油,砂糖,胡椒,醬油膏
貴妃牛腩	薑,牛肋,紅蔥頭	蕃茄醬,細砂糖,鹽,水,辣椒
蟹肉炒芥菜	蟹肉,芥菜,大蒜,辣椒,紅蘿蔔	太白粉,香油,雞粉,水,鹽,胡椒,牛
芋頭燒雞塊	香菇,雞,芋頭,蒜苗	高湯,米酒,糖,鹽,胡椒,醬油
三杯醬	老薑,辣椒,大蒜,九層塔,棒棒腿	醬油膏,米酒,麻油,水,糖,太白粉
洋蔥炒牛肉	辣椒,牛肉,大蒜,洋蔥	茶,鹽,胡椒	香油,太白粉,鹽,胡椒
排骨酥湯	蔥,白蘿蔔,炸排骨酥,水,蒜仁,香菜	雞粉,鹽,胡椒
荸薺洋菇鑲油豆腐	紅蘿蔔,洋菇,荸薺,油豆腐,橄欖油,薑,馬鈴薯	鹽,胡椒,香菇
紅燒肉醬	豬,洋蔥,九層塔,薑,芹菜,辣椒,大蒜	太白粉,香油,蕃茄醬,海山醬,糖,醬油
蕃茄銀耳燉蔬菜	高麗菜,西芹,紅蘿蔔,小蕃茄,銀耳,水,薑,花椰菜	鹽,冰糖,胡椒,香菇
櫻花蝦炒韭菜	韭菜,水,櫻花蝦,蒜	米酒,鹽,胡椒,雞粉
東坡肉	香油,大蒜,青江菜,甘甜醬油,青蔥,細砂糖,水,三層肉,辣椒,醬油膏
傳統肉燥	紅蔥酥,蝦米,油蔥酥,豆腐	米酒,雞粉,砂糖,水,沙拉油,醬油
鹹酥地瓜	紅地瓜,九層塔,薑,玉米粉,黃地瓜,辣椒	鹽,胡椒
清燉牛肉湯	薑,洋蔥,紅蘿蔔,調味料,香油,青蔥,清高湯,牛腩,鹽,胡椒,醬油
油豆腐燒肉	蔥,辣椒,大蒜,油豆腐,五花肉	冰糖,高湯,米酒,八角,糖,鹽,醬油
蔥油雞	雞肉,紅辣椒,蔥	雞粉,鹽,高湯
當歸黃耆虱目魚湯	當歸,米酒,黃耆,虱目魚,枸杞,水,薑	鹽
中華涼麵	辣椒,涼麵,烏醋,水,火腿,蛋,蒜,小黃瓜,芝麻,胡蘿蔔,糖,鹽
空心菜炒雞心	空心菜,大蒜,雞心	香油,雞粉,鹽,胡椒
貢丸炒小黃瓜	大蒜,紅辣椒,小貢丸,小黃瓜	鹽,水
京醬牛肉醬	辣椒,牛肉,大蒜,蘑菇	米酒,甜麵醬,香油,雞粉,鹽,胡椒
滷麻辣臭豆腐	臭豆腐,麻辣滷汁
椰香芋頭煲	椰奶,香菇,芋頭,芹菜,水,奶油	香菇,胡椒,鹽,糖
滷五香苦瓜	苦瓜,薑,八角,水,大蒜,青蔥	米酒,醬油,冰糖,胡椒,五香粉
糖醋魚	青椒,洋蔥,紅椒,太白粉,鳳梨,水,鱸魚	蕃茄醬,鹽,白醋,糖
黑胡椒馬鈴薯	巴西利,奶油,薑,馬鈴薯,香菇	黑胡椒,鹽,香菇
枸杞炒川七	薑,麻油,枸杞,川七	米酒,鹽,糖
燒酒蝦	當歸,米酒,黃耆,蔘鬚,枸杞,水,紅棗,川芎,草蝦	鹽
醃辣蘿蔔 	白蘿蔔	油,細砂糖,辣豆瓣醬,白醋
地瓜糖水	黃肉地瓜,老薑,砂糖,鹽
空心菜梗炒肉末	空心菜,辣椒,薑,蒜	米酒,鹽,糖
滷豬心	豬心,二砂糖,米酒,紅辣椒,八角,滷汁,水,蔥,鹽,醬油
魷魚螺肉蒜湯	蒜苗,清高湯,香菜,辣椒,大蒜,魷魚	香油,米酒,鹽,胡椒,糖
蠔油拌蕈菇	蠔油,柳松菇,杏鮑菇,香菇
蔬菜煎餅	洋蔥,蛋,水,地瓜,高麗菜,紅蘿蔔,蔥,中筋麵粉,香菇	雞粉,鹽,胡椒,糖
糖醋藕片	紅椒,辣椒,蓮藕,黃椒	細砂糖,鹽,水,白醋
紅糟肉醬	辣椒,大蒜,樹薯,青蔥,三層肉	香油,雞粉,糖,鹽,胡椒,紅糟醬
蔥燒排骨	薑,細砂糖,青蔥,甘草,甘甜醬油,雞粉,水,丁香,辣椒,大蒜,豬肋排,八角
番茄炒蛋	番茄醬,太白粉,砂糖,雞蛋,水,番茄,蔥
芹菜炒花枝	辣椒,花枝,大蒜,芹菜	香油,黃豆,鹽,胡椒
酸菜魚片湯	薑,鯛魚,花椒,筍,水,酸菜,蔥,辣椒	米酒,胡椒,鹽,白醋,雞粉
枸杞蛤蜊蒸蛋	枸杞,雞蛋,蛤蠣,水,蔥	米酒,鹽,胡椒,雞粉
鳳梨炒木耳	鳳梨,豬肉,黑木耳,薑,辣椒	醋,細砂糖,鹽
豆豉小捲飯	豌豆,蒜苗,白米,紅蘿蔔,香菜,豆豉,水,大蒜	鹽,米酒,香油,砂糖,胡椒,醬油膏
醬滷肉丸子	紅辣椒,青江菜,蒜,蔥,薑,梅子	醬油,太白粉,米酒,水,糖,鹽,醬油
紅燒五花肉	青蔥,老薑,八角,五花肉,水,紅辣椒	酒,冰糖,五香粉,醬油
雪裡紅炒肉末	辣椒,雪裡紅,大蒜,豬	雞粉,醬油膏,胡椒,水
鮭魚炊飯	白芝麻,鮭魚,白米,水	柴魚素,鹽
三杯雞	紅辣椒,薑,大蒜,九層塔,雞肉	米酒,醬油,糖
炸醬香腸炒飯	青江菜,紅蘿蔔,青蔥,香腸,芹菜,白飯,大蒜	鹽,胡椒,茶
芝麻蔬菜肉醬	豬,紅蘿蔔,玉米,四季豆,辣椒,大蒜	香油,芝麻,鹽,胡椒,白芝麻
鮮蚵煲花椰	紅蘿蔔,紅椒,香菇,綠花椰菜,薑,蔥,鮮蚵	米酒,醬油膏,胡椒,糖
白菜滷雞卷 	蝦米,高湯,白菜,香菇,蔥,雞	雞粉,胡椒,鹽,糖
茄子煲	紅辣椒,九層塔,蒜,薑,茄子	醬油,辣豆瓣醬,太白粉,蠔油,米酒,糖,醬油
